<?xml version="1.0" encoding="UTF-8"?>
<results trackingurl="html/resources/TrackingConfig_0206cd2dec9894a9888627cb3d09bd71.zip">
  <arel><![CDATA[html/index.html?b2326a5e8b82d82ff34669af115390de]]></arel>
  <sceneoptions>
    <sceneoption key="fullScreen">true</sceneoption>
  </sceneoptions>
  <object id="model4">
    <title><![CDATA[maze]]></title>
    <assets3d>
      <model><![CDATA[html/resources/32582f9f2d83449ce3422b7a23903998/maze.zip]]></model>
      <transform>
        <translation>
          <x>2.9241256714</x>
          <y>-3.7753305435</y>
          <z>31.2203941345</z>
        </translation>
        <rotation type="eulerdeg">
          <x>0.0</x>
          <y>0.0</y>
          <z>0.0</z>
        </rotation>
        <scale>
          <x>93.3220062256</x>
          <y>83.8130187988</y>
          <z>30.9121551514</z>
        </scale>
      </transform>
      <properties>
        <coordinatesystemid>1</coordinatesystemid>
      </properties>
    </assets3d>
    <viewparameters>
      <visibility>
        <liveview>false</liveview>
      </visibility>
    </viewparameters>
  </object>
</results>
